{
  "probe_movie_ids": [
    1022,
    2081,
    2080,
    2687,
    595,
    2087,
    588,
    1028,
    596,
    1566,
    986,
    1992,
    594,
    2514,
    1592,
    1367,
    3022,
    783,
    2018,
    1848,
    1032,
    3615,
    2078,
    1004,
    2498,
    1005,
    258,
    1081,
    1907,
    1882,
    1713,
    3114,
    1979,
    3034,
    364,
    1064,
    2142,
    1702,
    1688,
    2394,
    2085,
    2042,
    1010,
    3549,
    1985,
    1973,
    2141,
    2549,
    2355,
    1015
  ],
  "target_movies": [
    {
      "movie_id": 1029,
      "movie_name": "Dumbo (1941)",
      "genres": [
        "Animation",
        "Children's",
        "Musical"
      ],
      "theta": [
        [
          0.4489038118766346,
          0.3461453407940538,
          0.07863280437797883,
          0.08725361949813085,
          0.03906442345320208
        ],
        [
          0.025706562409125697,
          0.09240178486664292,
          0.3049782360596547,
          0.34901824418707433,
          0.22789517247750238
        ],
        [
          0.01686436910773632,
          0.035806409563949745,
          0.2545914785274739,
          0.4020853774018415,
          0.2906523653989985
        ],
        [
          0.014213307948458377,
          0.05334496454466888,
          0.34693990864149915,
          0.43122823146336986,
          0.15427358740200373
        ]
      ],
      "diagnosticity": 1.9924254585632044,
      "owner_type": 0,
      "direction": "low"
    },
    {
      "movie_id": 1707,
      "movie_name": "Home Alone 3 (1997)",
      "genres": [
        "Children's",
        "Comedy"
      ],
      "theta": [
        [
          0.6446492387953016,
          0.17220849348644107,
          0.06683003542356117,
          0.0581581758025523,
          0.058154056492143766
        ],
        [
          0.18175083595363772,
          0.13991090877363188,
          0.23713714826985619,
          0.22769623642923523,
          0.21350487057363896
        ],
        [
          0.43691453003730246,
          0.20115843020091742,
          0.21175261120378291,
          0.12148548658313259,
          0.028688941974864646
        ],
        [
          0.6331944231739712,
          0.24467326595785083,
          0.06912826051335881,
          0.04020303003856872,
          0.012801020316250342
        ]
      ],
      "diagnosticity": 1.5965504385303297,
      "owner_type": 1,
      "direction": "high"
    },
    {
      "movie_id": 848,
      "movie_name": "Spitfire Grill, The (1996)",
      "genres": [
        "Drama"
      ],
      "theta": [
        [
          0.18248900248253708,
          0.24290357192517545,
          0.16829253821078846,
          0.2710616542789552,
          0.13525323310254375
        ],
        [
          0.126353625583114,
          0.1684654801216632,
          0.383085719108215,
          0.07517886770525081,
          0.2469163074817569
        ],
        [
          0.055511267906376054,
          0.04461833858684939,
          0.1797407566033872,
          0.4481097966904061,
          0.27201984021298126
        ],
        [
          0.06505511876450472,
          0.12790134918771387,
          0.3525729299208965,
          0.37953549024798655,
          0.07493511187889836
        ]
      ],
      "diagnosticity": 0.902822059122975,
      "owner_type": 2,
      "direction": "high"
    },
    {
      "movie_id": 315,
      "movie_name": "Specialist, The (1994)",
      "genres": [
        "Action"
      ],
      "theta": [
        [
          0.15040262898749768,
          0.20020825726115724,
          0.14902362178215833,
          0.3017901701085931,
          0.19857532186059376
        ],
        [
          0.1724696722773134,
          0.20559544186791856,
          0.15754286717442134,
          0.20340109116986113,
          0.2609909275104855
        ],
        [
          0.05711235799023787,
          0.13383168189266914,
          0.34368071220906565,
          0.40929410865665167,
          0.05608113925137561
        ],
        [
          0.3134501863167084,
          0.43299980434857266,
          0.19624658025913902,
          0.044217943769345965,
          0.013085485306234101
        ]
      ],
      "diagnosticity": 1.2629112518864325,
      "owner_type": 3,
      "direction": "low"
    }
  ]
}